ticker,horizon,event_count,sum_spy_bhar,contribution_share
AAPL,126D,231,-2.481912,-0.0126
AAPL,21D,231,1.073907,0.1458
AAPL,252D,231,-1.372371,-0.0038
AAPL,504D,231,0.682814,0.0012
AAPL,5D,231,0.173984,0.1180
AAPL,63D,231,2.431865,0.0244
AAPL,end_of_sample,231,11.396657,0.0142
AMC,126D,20,-15.970421,-0.0813
AMC,21D,20,-10.235737,-1.3893
AMC,252D,20,-19.034862,-0.0521
AMC,504D,20,-26.660232,-0.0453
AMC,5D,20,-3.399747,-2.3057
AMC,63D,20,-10.773416,-0.1081
AMC,end_of_sample,20,-32.187621,-0.0402
AMD,126D,187,92.070756,0.4689
AMD,21D,187,8.649931,1.1741
AMD,252D,187,154.404544,0.4223
AMD,504D,187,192.378890,0.3266
AMD,5D,187,2.790090,1.8923
AMD,63D,187,50.162157,0.5035
AMD,end_of_sample,187,255.373576,0.3189
AMZN,126D,246,11.290342,0.0575
AMZN,21D,246,2.351852,0.3192
AMZN,252D,246,17.719980,0.0485
AMZN,504D,246,23.454649,0.0398
AMZN,5D,246,0.217631,0.1476
AMZN,63D,246,12.076770,0.1212
AMZN,end_of_sample,246,33.273306,0.0415
COIN,126D,1,-0.464805,-0.0024
COIN,21D,1,-0.167215,-0.0227
COIN,252D,1,-0.469762,-0.0013
COIN,504D,1,-0.469762,-0.0008
COIN,5D,1,-0.056477,-0.0383
COIN,63D,1,-0.505125,-0.0051
COIN,end_of_sample,1,-0.469762,-0.0006
CRM,126D,5,-0.831526,-0.0042
CRM,21D,5,-0.073524,-0.0100
CRM,252D,5,-1.999464,-0.0055
CRM,504D,5,-3.133890,-0.0053
CRM,5D,5,-0.018759,-0.0127
CRM,63D,5,-0.223889,-0.0022
CRM,end_of_sample,5,-3.133890,-0.0039
DIS,126D,32,-0.895587,-0.0046
DIS,21D,32,0.359086,0.0487
DIS,252D,32,-4.771388,-0.0131
DIS,504D,32,-8.954040,-0.0152
DIS,5D,32,0.196396,0.1332
DIS,63D,32,0.774073,0.0078
DIS,end_of_sample,32,-16.373693,-0.0204
GOOGL,126D,240,38.055231,0.1938
GOOGL,21D,240,6.346640,0.8614
GOOGL,252D,240,71.348703,0.1951
GOOGL,504D,240,141.941662,0.2410
GOOGL,5D,240,2.633133,1.7858
GOOGL,63D,240,16.575352,0.1664
GOOGL,end_of_sample,240,225.374920,0.2814
HOOD,126D,9,-1.031935,-0.0053
HOOD,21D,9,-0.258533,-0.0351
HOOD,252D,9,-1.031935,-0.0028
HOOD,504D,9,-1.031935,-0.0018
HOOD,5D,9,-0.720248,-0.4885
HOOD,63D,9,-0.970838,-0.0097
HOOD,end_of_sample,9,-1.031935,-0.0013
META,126D,112,-13.242354,-0.0674
META,21D,112,-1.372595,-0.1863
META,252D,112,-11.862647,-0.0324
META,504D,112,-2.111679,-0.0036
META,5D,112,-0.577123,-0.3914
META,63D,112,-5.275997,-0.0530
META,end_of_sample,112,-2.541018,-0.0032
MSFT,126D,226,-5.559054,-0.0283
MSFT,21D,226,-3.004590,-0.4078
MSFT,252D,226,-13.530578,-0.0370
MSFT,504D,226,-44.818322,-0.0761
MSFT,5D,226,-1.317014,-0.8932
MSFT,63D,226,-4.667121,-0.0468
MSFT,end_of_sample,226,-76.324688,-0.0953
NFLX,126D,92,1.856774,0.0095
NFLX,21D,92,0.606399,0.0823
NFLX,252D,92,7.163368,0.0196
NFLX,504D,92,14.475363,0.0246
NFLX,5D,92,0.392554,0.2662
NFLX,63D,92,4.106139,0.0412
NFLX,end_of_sample,92,0.843319,0.0011
NVDA,126D,391,80.879141,0.4119
NVDA,21D,391,8.222710,1.1161
NVDA,252D,391,141.388180,0.3867
NVDA,504D,391,235.445395,0.3997
NVDA,5D,391,2.501814,1.6967
NVDA,63D,391,38.930582,0.3908
NVDA,end_of_sample,391,313.931174,0.3920
PLTR,126D,12,-2.828516,-0.0144
PLTR,21D,12,-0.992594,-0.1347
PLTR,252D,12,-3.039237,-0.0083
PLTR,504D,12,-3.039237,-0.0052
PLTR,5D,12,-0.324777,-0.2203
PLTR,63D,12,-2.352656,-0.0236
PLTR,end_of_sample,12,-3.039237,-0.0038
PYPL,126D,99,-22.515262,-0.1147
PYPL,21D,99,-2.818953,-0.3826
PYPL,252D,99,-28.096032,-0.0768
PYPL,504D,99,-38.493033,-0.0653
PYPL,5D,99,-0.495022,-0.3357
PYPL,63D,99,-12.854746,-0.1290
PYPL,end_of_sample,99,-43.572635,-0.0544
ROKU,126D,1,0.146404,0.0007
ROKU,21D,1,0.172080,0.0234
ROKU,252D,1,0.146404,0.0004
ROKU,504D,1,0.146404,0.0002
ROKU,5D,1,0.047184,0.0320
ROKU,63D,1,0.146404,0.0015
ROKU,end_of_sample,1,0.146404,0.0002
SOFI,126D,61,-13.002517,-0.0662
SOFI,21D,61,-3.571626,-0.4848
SOFI,252D,61,-18.362794,-0.0502
SOFI,504D,61,-18.465481,-0.0313
SOFI,5D,61,-0.169187,-0.1147
SOFI,63D,61,-8.436050,-0.0847
SOFI,end_of_sample,61,-18.465481,-0.0231
TSLA,126D,307,55.557420,0.2830
TSLA,21D,307,3.282335,0.4455
TSLA,252D,307,85.203309,0.2330
TSLA,504D,307,137.945672,0.2342
TSLA,5D,307,0.317565,0.2154
TSLA,63D,307,22.675537,0.2276
TSLA,end_of_sample,307,168.235351,0.2101
UBER,126D,50,-4.683929,-0.0239
UBER,21D,50,-1.202180,-0.1632
UBER,252D,50,-8.184162,-0.0224
UBER,504D,50,-10.236083,-0.0174
UBER,5D,50,-0.717520,-0.4866
UBER,63D,50,-2.198885,-0.0221
UBER,end_of_sample,50,-10.575993,-0.0132
