strategy,holding_days,cost_bps,signal_timing,trade_count,average_trade_return,median_trade_return,annualized_return_proxy,annualized_volatility_proxy,sharpe_proxy,max_drawdown_sequence,hit_rate,top5_event_share,ticker_concentration_top_share,years_spanned,status
long_all_buys,5,0,next_close,1808,0.004635,0.001103,0.262438,0.478659,0.548,-0.945784,0.513827,0.556416,0.154314,6.22,diagnostic_not_tradability_proof
long_all_buys,5,0,one_day_delay,1808,0.004135,0.000603,0.231157,0.478659,0.483,-0.950632,0.507743,0.556416,0.154314,6.22,diagnostic_not_tradability_proof
long_all_buys,5,5,next_close,1808,0.003635,0.000103,0.200637,0.478659,0.419,-0.955050,0.500553,0.556416,0.154314,6.22,diagnostic_not_tradability_proof
long_all_buys,5,5,one_day_delay,1808,0.003135,-0.000397,0.170858,0.478659,0.357,-0.959074,0.494469,0.556416,0.154314,6.22,diagnostic_not_tradability_proof
long_all_buys,5,10,next_close,1808,0.002635,-0.000897,0.141804,0.478659,0.296,-0.962739,0.488385,0.556416,0.154314,6.22,diagnostic_not_tradability_proof
long_all_buys,5,10,one_day_delay,1808,0.002135,-0.001397,0.113457,0.478659,0.237,-0.966078,0.485619,0.556416,0.154314,6.22,diagnostic_not_tradability_proof
long_all_buys,5,25,next_close,1808,-0.000365,-0.003897,-0.018251,0.478659,-0.038,-0.994381,0.471792,0.556416,0.154314,6.22,diagnostic_not_tradability_proof
long_all_buys,5,25,one_day_delay,1808,-0.000865,-0.004397,-0.042696,0.478659,-0.089,-0.997567,0.466261,0.556416,0.154314,6.22,diagnostic_not_tradability_proof
long_all_buys,5,50,next_close,1808,-0.005365,-0.008897,-0.237493,0.478659,-0.496,-0.999999,0.435841,0.556416,0.154314,6.22,diagnostic_not_tradability_proof
long_all_buys,5,50,one_day_delay,1808,-0.005865,-0.009397,-0.256574,0.478659,-0.536,-1.000000,0.433628,0.556416,0.154314,6.22,diagnostic_not_tradability_proof
long_all_buys,5,100,next_close,1808,-0.015365,-0.018897,-0.541790,0.478659,-1.132,-1.000000,0.367810,0.556416,0.154314,6.22,diagnostic_not_tradability_proof
long_all_buys,5,100,one_day_delay,1808,-0.015865,-0.019397,-0.553371,0.478659,-1.156,-1.000000,0.365044,0.556416,0.154314,6.22,diagnostic_not_tradability_proof
long_top5_buys,5,0,next_close,1006,0.007118,0.001958,0.429709,0.540938,0.794,-0.943421,0.519881,1.000000,0.277336,6.22,diagnostic_not_tradability_proof
long_top5_buys,5,0,one_day_delay,1006,0.006618,0.001458,0.394370,0.540938,0.729,-0.944906,0.518887,1.000000,0.277336,6.22,diagnostic_not_tradability_proof
long_top5_buys,5,5,next_close,1006,0.006118,0.000958,0.359888,0.540938,0.665,-0.946354,0.509940,1.000000,0.277336,6.22,diagnostic_not_tradability_proof
long_top5_buys,5,5,one_day_delay,1006,0.005618,0.000458,0.326242,0.540938,0.603,-0.947764,0.507952,1.000000,0.277336,6.22,diagnostic_not_tradability_proof
long_top5_buys,5,10,next_close,1006,0.005118,-0.000042,0.293412,0.540938,0.542,-0.949138,0.499006,1.000000,0.277336,6.22,diagnostic_not_tradability_proof
long_top5_buys,5,10,one_day_delay,1006,0.004618,-0.000542,0.261379,0.540938,0.483,-0.950477,0.496024,1.000000,0.277336,6.22,diagnostic_not_tradability_proof
long_top5_buys,5,25,next_close,1006,0.002118,-0.003042,0.112521,0.540938,0.208,-0.956668,0.484095,1.000000,0.277336,6.22,diagnostic_not_tradability_proof
long_top5_buys,5,25,one_day_delay,1006,0.001618,-0.003542,0.084887,0.540938,0.157,-0.957812,0.483101,1.000000,0.277336,6.22,diagnostic_not_tradability_proof
long_top5_buys,5,50,next_close,1006,-0.002882,-0.008042,-0.135383,0.540938,-0.250,-0.997041,0.448310,1.000000,0.277336,6.22,diagnostic_not_tradability_proof
long_top5_buys,5,50,one_day_delay,1006,-0.003382,-0.008542,-0.156966,0.540938,-0.290,-0.998219,0.444334,1.000000,0.277336,6.22,diagnostic_not_tradability_proof
long_top5_buys,5,100,next_close,1006,-0.012882,-0.018042,-0.479766,0.540938,-0.887,-1.000000,0.396620,1.000000,0.277336,6.22,diagnostic_not_tradability_proof
long_top5_buys,5,100,one_day_delay,1006,-0.013382,-0.018542,-0.492882,0.540938,-0.911,-1.000000,0.393638,1.000000,0.277336,6.22,diagnostic_not_tradability_proof
avoid_non_top_buys,5,0,next_close,802,,,,,,,,,,,avoidance_not_trade
avoid_non_top_buys,5,0,one_day_delay,802,,,,,,,,,,,avoidance_not_trade
avoid_non_top_buys,5,5,next_close,802,,,,,,,,,,,avoidance_not_trade
avoid_non_top_buys,5,5,one_day_delay,802,,,,,,,,,,,avoidance_not_trade
avoid_non_top_buys,5,10,next_close,802,,,,,,,,,,,avoidance_not_trade
avoid_non_top_buys,5,10,one_day_delay,802,,,,,,,,,,,avoidance_not_trade
avoid_non_top_buys,5,25,next_close,802,,,,,,,,,,,avoidance_not_trade
avoid_non_top_buys,5,25,one_day_delay,802,,,,,,,,,,,avoidance_not_trade
avoid_non_top_buys,5,50,next_close,802,,,,,,,,,,,avoidance_not_trade
avoid_non_top_buys,5,50,one_day_delay,802,,,,,,,,,,,avoidance_not_trade
avoid_non_top_buys,5,100,next_close,802,,,,,,,,,,,avoidance_not_trade
avoid_non_top_buys,5,100,one_day_delay,802,,,,,,,,,,,avoidance_not_trade
short_non_top_buys_diagnostic,5,0,next_close,802,-0.001520,-0.000389,-0.073786,0.385811,-0.191,-0.933604,0.493766,0.000000,0.241895,5.18,diagnostic_not_tradability_proof
short_non_top_buys_diagnostic,5,0,one_day_delay,802,-0.002020,-0.000889,-0.096875,0.385811,-0.251,-0.952987,0.490025,0.000000,0.241895,5.18,diagnostic_not_tradability_proof
short_non_top_buys_diagnostic,5,5,next_close,802,-0.002520,-0.001389,-0.119400,0.385811,-0.309,-0.968400,0.487531,0.000000,0.241895,5.18,diagnostic_not_tradability_proof
short_non_top_buys_diagnostic,5,5,one_day_delay,802,-0.003020,-0.001889,-0.141374,0.385811,-0.366,-0.978764,0.485037,0.000000,0.241895,5.18,diagnostic_not_tradability_proof
short_non_top_buys_diagnostic,5,10,next_close,802,-0.003520,-0.002389,-0.162810,0.385811,-0.422,-0.985731,0.483791,0.000000,0.241895,5.18,diagnostic_not_tradability_proof
short_non_top_buys_diagnostic,5,10,one_day_delay,802,-0.004020,-0.002889,-0.183722,0.385811,-0.476,-0.990415,0.478803,0.000000,0.241895,5.18,diagnostic_not_tradability_proof
short_non_top_buys_diagnostic,5,25,next_close,802,-0.006520,-0.005389,-0.280837,0.385811,-0.728,-0.998694,0.455112,0.000000,0.241895,5.18,diagnostic_not_tradability_proof
short_non_top_buys_diagnostic,5,25,one_day_delay,802,-0.007020,-0.005889,-0.298854,0.385811,-0.775,-0.999124,0.447631,0.000000,0.241895,5.18,diagnostic_not_tradability_proof
short_non_top_buys_diagnostic,5,50,next_close,802,-0.011520,-0.010389,-0.442315,0.385811,-1.146,-0.999976,0.405237,0.000000,0.241895,5.18,diagnostic_not_tradability_proof
short_non_top_buys_diagnostic,5,50,one_day_delay,802,-0.012020,-0.010889,-0.456357,0.385811,-1.183,-0.999984,0.396509,0.000000,0.241895,5.18,diagnostic_not_tradability_proof
short_non_top_buys_diagnostic,5,100,next_close,802,-0.021520,-0.020389,-0.665939,0.385811,-1.726,-1.000000,0.319202,0.000000,0.241895,5.18,diagnostic_not_tradability_proof
short_non_top_buys_diagnostic,5,100,one_day_delay,802,-0.022020,-0.020889,-0.674435,0.385811,-1.748,-1.000000,0.316708,0.000000,0.241895,5.18,diagnostic_not_tradability_proof
long_buy_short_sell,5,0,next_close,2322,0.003123,-0.000174,0.170172,0.490599,0.347,-0.933062,0.498708,0.586563,0.168389,6.22,diagnostic_not_tradability_proof
long_buy_short_sell,5,0,one_day_delay,2322,0.002623,-0.000674,0.141134,0.490599,0.288,-0.961851,0.489233,0.586563,0.168389,6.22,diagnostic_not_tradability_proof
long_buy_short_sell,5,5,next_close,2322,0.002123,-0.001174,0.112803,0.490599,0.230,-0.982182,0.483204,0.586563,0.168389,6.22,diagnostic_not_tradability_proof
long_buy_short_sell,5,5,one_day_delay,2322,0.001623,-0.001674,0.085162,0.490599,0.174,-0.991784,0.477606,0.586563,0.168389,6.22,diagnostic_not_tradability_proof
long_buy_short_sell,5,10,next_close,2322,0.001123,-0.002174,0.058194,0.490599,0.119,-0.996830,0.470715,0.586563,0.168389,6.22,diagnostic_not_tradability_proof
long_buy_short_sell,5,10,one_day_delay,2322,0.000623,-0.002674,0.031884,0.490599,0.065,-0.998777,0.468131,0.586563,0.168389,6.22,diagnostic_not_tradability_proof
long_buy_short_sell,5,25,next_close,2322,-0.001877,-0.005174,-0.090348,0.490599,-0.184,-0.999990,0.454780,0.586563,0.168389,6.22,diagnostic_not_tradability_proof
long_buy_short_sell,5,25,one_day_delay,2322,-0.002377,-0.005674,-0.113033,0.490599,-0.230,-0.999996,0.450474,0.586563,0.168389,6.22,diagnostic_not_tradability_proof
long_buy_short_sell,5,50,next_close,2322,-0.006877,-0.010174,-0.293761,0.490599,-0.599,-1.000000,0.420327,0.586563,0.168389,6.22,diagnostic_not_tradability_proof
long_buy_short_sell,5,50,one_day_delay,2322,-0.007377,-0.010674,-0.311460,0.490599,-0.635,-1.000000,0.417743,0.586563,0.168389,6.22,diagnostic_not_tradability_proof
long_buy_short_sell,5,100,next_close,2322,-0.016877,-0.020174,-0.575933,0.490599,-1.174,-1.000000,0.354005,0.586563,0.168389,6.22,diagnostic_not_tradability_proof
long_buy_short_sell,5,100,one_day_delay,2322,-0.017377,-0.020674,-0.586668,0.490599,-1.196,-1.000000,0.351421,0.586563,0.168389,6.22,diagnostic_not_tradability_proof
long_all_buys,21,0,next_close,1808,0.019761,0.009382,0.264674,0.459582,0.576,-0.998703,0.532080,0.556416,0.154314,6.22,diagnostic_not_tradability_proof
long_all_buys,21,0,one_day_delay,1808,0.019261,0.008882,0.257253,0.459582,0.560,-0.998838,0.530973,0.556416,0.154314,6.22,diagnostic_not_tradability_proof
long_all_buys,21,5,next_close,1808,0.018761,0.008382,0.249872,0.459582,0.544,-0.998959,0.528761,0.556416,0.154314,6.22,diagnostic_not_tradability_proof
long_all_buys,21,5,one_day_delay,1808,0.018261,0.007882,0.242531,0.459582,0.528,-0.999067,0.528208,0.556416,0.154314,6.22,diagnostic_not_tradability_proof
long_all_buys,21,10,next_close,1808,0.017761,0.007382,0.235229,0.459582,0.512,-0.999165,0.524889,0.556416,0.154314,6.22,diagnostic_not_tradability_proof
long_all_buys,21,10,one_day_delay,1808,0.017261,0.006882,0.227967,0.459582,0.496,-0.999252,0.522124,0.556416,0.154314,6.22,diagnostic_not_tradability_proof
long_all_buys,21,25,next_close,1808,0.014761,0.004382,0.192238,0.459582,0.418,-0.999693,0.512168,0.556416,0.154314,6.22,diagnostic_not_tradability_proof
long_all_buys,21,25,one_day_delay,1808,0.014261,0.003882,0.185208,0.459582,0.403,-0.999765,0.511062,0.556416,0.154314,6.22,diagnostic_not_tradability_proof
long_all_buys,21,50,next_close,1808,0.009761,-0.000618,0.123624,0.459582,0.269,-0.999995,0.497235,0.556416,0.154314,6.22,diagnostic_not_tradability_proof
long_all_buys,21,50,one_day_delay,1808,0.009261,-0.001118,0.116966,0.459582,0.255,-0.999997,0.495575,0.556416,0.154314,6.22,diagnostic_not_tradability_proof
long_all_buys,21,100,next_close,1808,-0.000239,-0.010618,-0.002869,0.459582,-0.006,-1.000000,0.455199,0.556416,0.154314,6.22,diagnostic_not_tradability_proof
long_all_buys,21,100,one_day_delay,1808,-0.000739,-0.011118,-0.008837,0.459582,-0.019,-1.000000,0.453540,0.556416,0.154314,6.22,diagnostic_not_tradability_proof
long_top5_buys,21,0,next_close,1006,0.031150,0.018809,0.444987,0.523173,0.851,-0.967559,0.571571,1.000000,0.277336,6.22,diagnostic_not_tradability_proof
long_top5_buys,21,0,one_day_delay,1006,0.030650,0.018309,0.436601,0.523173,0.835,-0.968464,0.569583,1.000000,0.277336,6.22,diagnostic_not_tradability_proof
long_top5_buys,21,5,next_close,1006,0.030150,0.017809,0.428260,0.523173,0.819,-0.969344,0.568588,1.000000,0.277336,6.22,diagnostic_not_tradability_proof
long_top5_buys,21,5,one_day_delay,1006,0.029650,0.017309,0.419964,0.523173,0.803,-0.970201,0.568588,1.000000,0.277336,6.22,diagnostic_not_tradability_proof
long_top5_buys,21,10,next_close,1006,0.029150,0.016809,0.411711,0.523173,0.787,-0.971034,0.564612,1.000000,0.277336,6.22,diagnostic_not_tradability_proof
long_top5_buys,21,10,one_day_delay,1006,0.028650,0.016309,0.403503,0.523173,0.771,-0.971844,0.562624,1.000000,0.277336,6.22,diagnostic_not_tradability_proof
long_top5_buys,21,25,next_close,1006,0.026150,0.013809,0.363113,0.523173,0.694,-0.981733,0.550696,1.000000,0.277336,6.22,diagnostic_not_tradability_proof
long_top5_buys,21,25,one_day_delay,1006,0.025650,0.013309,0.355164,0.523173,0.679,-0.983400,0.548708,1.000000,0.277336,6.22,diagnostic_not_tradability_proof
long_top5_buys,21,50,next_close,1006,0.021150,0.008809,0.285512,0.523173,0.546,-0.993002,0.530815,1.000000,0.277336,6.22,diagnostic_not_tradability_proof
long_top5_buys,21,50,one_day_delay,1006,0.020650,0.008309,0.277979,0.523173,0.531,-0.993644,0.529821,1.000000,0.277336,6.22,diagnostic_not_tradability_proof
long_top5_buys,21,100,next_close,1006,0.011150,-0.001191,0.142323,0.523173,0.272,-0.999167,0.495030,1.000000,0.277336,6.22,diagnostic_not_tradability_proof
long_top5_buys,21,100,one_day_delay,1006,0.010650,-0.001691,0.135563,0.523173,0.259,-0.999389,0.494036,1.000000,0.277336,6.22,diagnostic_not_tradability_proof
avoid_non_top_buys,21,0,next_close,802,,,,,,,,,,,avoidance_not_trade
avoid_non_top_buys,21,0,one_day_delay,802,,,,,,,,,,,avoidance_not_trade
avoid_non_top_buys,21,5,next_close,802,,,,,,,,,,,avoidance_not_trade
avoid_non_top_buys,21,5,one_day_delay,802,,,,,,,,,,,avoidance_not_trade
avoid_non_top_buys,21,10,next_close,802,,,,,,,,,,,avoidance_not_trade
avoid_non_top_buys,21,10,one_day_delay,802,,,,,,,,,,,avoidance_not_trade
avoid_non_top_buys,21,25,next_close,802,,,,,,,,,,,avoidance_not_trade
avoid_non_top_buys,21,25,one_day_delay,802,,,,,,,,,,,avoidance_not_trade
avoid_non_top_buys,21,50,next_close,802,,,,,,,,,,,avoidance_not_trade
avoid_non_top_buys,21,50,one_day_delay,802,,,,,,,,,,,avoidance_not_trade
avoid_non_top_buys,21,100,next_close,802,,,,,,,,,,,avoidance_not_trade
avoid_non_top_buys,21,100,one_day_delay,802,,,,,,,,,,,avoidance_not_trade
short_non_top_buys_diagnostic,21,0,next_close,802,-0.005474,0.005221,-0.063742,0.358694,-0.178,-0.999858,0.517456,0.000000,0.241895,5.18,diagnostic_not_tradability_proof
short_non_top_buys_diagnostic,21,0,one_day_delay,802,-0.005974,0.004721,-0.069375,0.358694,-0.193,-0.999905,0.516209,0.000000,0.241895,5.18,diagnostic_not_tradability_proof
short_non_top_buys_diagnostic,21,5,next_close,802,-0.006474,0.004221,-0.074977,0.358694,-0.209,-0.999936,0.513716,0.000000,0.241895,5.18,diagnostic_not_tradability_proof
short_non_top_buys_diagnostic,21,5,one_day_delay,802,-0.006974,0.003721,-0.080548,0.358694,-0.225,-0.999957,0.511222,0.000000,0.241895,5.18,diagnostic_not_tradability_proof
short_non_top_buys_diagnostic,21,10,next_close,802,-0.007474,0.003221,-0.086088,0.358694,-0.240,-0.999971,0.511222,0.000000,0.241895,5.18,diagnostic_not_tradability_proof
short_non_top_buys_diagnostic,21,10,one_day_delay,802,-0.007974,0.002721,-0.091597,0.358694,-0.255,-0.999981,0.508728,0.000000,0.241895,5.18,diagnostic_not_tradability_proof
short_non_top_buys_diagnostic,21,25,next_close,802,-0.010474,0.000221,-0.118691,0.358694,-0.331,-0.999997,0.501247,0.000000,0.241895,5.18,diagnostic_not_tradability_proof
short_non_top_buys_diagnostic,21,25,one_day_delay,802,-0.010974,-0.000279,-0.124020,0.358694,-0.346,-0.999998,0.493766,0.000000,0.241895,5.18,diagnostic_not_tradability_proof
short_non_top_buys_diagnostic,21,50,next_close,802,-0.015474,-0.004779,-0.170669,0.358694,-0.476,-1.000000,0.475062,0.000000,0.241895,5.18,diagnostic_not_tradability_proof
short_non_top_buys_diagnostic,21,50,one_day_delay,802,-0.015974,-0.005279,-0.175709,0.358694,-0.490,-1.000000,0.471322,0.000000,0.241895,5.18,diagnostic_not_tradability_proof
short_non_top_buys_diagnostic,21,100,next_close,802,-0.025474,-0.014779,-0.266293,0.358694,-0.742,-1.000000,0.426434,0.000000,0.241895,5.18,diagnostic_not_tradability_proof
short_non_top_buys_diagnostic,21,100,one_day_delay,802,-0.025974,-0.015279,-0.270797,0.358694,-0.755,-1.000000,0.425187,0.000000,0.241895,5.18,diagnostic_not_tradability_proof
long_buy_short_sell,21,0,next_close,2322,0.013814,0.005049,0.178959,0.495801,0.361,-0.999980,0.519811,0.586563,0.168389,6.22,diagnostic_not_tradability_proof
long_buy_short_sell,21,0,one_day_delay,2322,0.013314,0.004549,0.172000,0.495801,0.347,-0.999986,0.518088,0.586563,0.168389,6.22,diagnostic_not_tradability_proof
long_buy_short_sell,21,5,next_close,2322,0.012814,0.004049,0.165079,0.495801,0.333,-0.999991,0.515935,0.586563,0.168389,6.22,diagnostic_not_tradability_proof
long_buy_short_sell,21,5,one_day_delay,2322,0.012314,0.003549,0.158196,0.495801,0.319,-0.999994,0.515504,0.586563,0.168389,6.22,diagnostic_not_tradability_proof
long_buy_short_sell,21,10,next_close,2322,0.011814,0.003049,0.151350,0.495801,0.305,-0.999996,0.512920,0.586563,0.168389,6.22,diagnostic_not_tradability_proof
long_buy_short_sell,21,10,one_day_delay,2322,0.011314,0.002549,0.144541,0.495801,0.292,-0.999997,0.509905,0.586563,0.168389,6.22,diagnostic_not_tradability_proof
long_buy_short_sell,21,25,next_close,2322,0.008814,0.000049,0.111047,0.495801,0.224,-1.000000,0.500000,0.586563,0.168389,6.22,diagnostic_not_tradability_proof
long_buy_short_sell,21,25,one_day_delay,2322,0.008314,-0.000451,0.104457,0.495801,0.211,-1.000000,0.498277,0.586563,0.168389,6.22,diagnostic_not_tradability_proof
long_buy_short_sell,21,50,next_close,2322,0.003814,-0.004951,0.046738,0.495801,0.094,-1.000000,0.482773,0.586563,0.168389,6.22,diagnostic_not_tradability_proof
long_buy_short_sell,21,50,one_day_delay,2322,0.003314,-0.005451,0.040499,0.495801,0.082,-1.000000,0.481051,0.586563,0.168389,6.22,diagnostic_not_tradability_proof
long_buy_short_sell,21,100,next_close,2322,-0.006186,-0.014951,-0.071760,0.495801,-0.145,-1.000000,0.444014,0.586563,0.168389,6.22,diagnostic_not_tradability_proof
long_buy_short_sell,21,100,one_day_delay,2322,-0.006686,-0.015451,-0.077348,0.495801,-0.156,-1.000000,0.442291,0.586563,0.168389,6.22,diagnostic_not_tradability_proof
long_all_buys,63,0,next_close,1808,0.092438,0.050611,0.424253,0.489348,0.867,-0.975371,0.635509,0.556416,0.154314,6.22,diagnostic_not_tradability_proof
long_all_buys,63,0,one_day_delay,1808,0.091938,0.050111,0.421647,0.489348,0.862,-0.975572,0.634956,0.556416,0.154314,6.22,diagnostic_not_tradability_proof
long_all_buys,63,5,next_close,1808,0.091438,0.049611,0.419045,0.489348,0.856,-0.975771,0.632190,0.556416,0.154314,6.22,diagnostic_not_tradability_proof
long_all_buys,63,5,one_day_delay,1808,0.090938,0.049111,0.416447,0.489348,0.851,-0.975969,0.629425,0.556416,0.154314,6.22,diagnostic_not_tradability_proof
long_all_buys,63,10,next_close,1808,0.090438,0.048611,0.413852,0.489348,0.846,-0.976165,0.629425,0.556416,0.154314,6.22,diagnostic_not_tradability_proof
long_all_buys,63,10,one_day_delay,1808,0.089938,0.048111,0.411260,0.489348,0.840,-0.976360,0.628872,0.556416,0.154314,6.22,diagnostic_not_tradability_proof
long_all_buys,63,25,next_close,1808,0.087438,0.045611,0.398357,0.489348,0.814,-0.977312,0.623894,0.556416,0.154314,6.22,diagnostic_not_tradability_proof
long_all_buys,63,25,one_day_delay,1808,0.086938,0.045111,0.395787,0.489348,0.809,-0.977499,0.621681,0.556416,0.154314,6.22,diagnostic_not_tradability_proof
long_all_buys,63,50,next_close,1808,0.082438,0.040611,0.372815,0.489348,0.762,-0.986148,0.609513,0.556416,0.154314,6.22,diagnostic_not_tradability_proof
long_all_buys,63,50,one_day_delay,1808,0.081938,0.040111,0.370280,0.489348,0.757,-0.986963,0.604535,0.556416,0.154314,6.22,diagnostic_not_tradability_proof
long_all_buys,63,100,next_close,1808,0.072438,0.030611,0.322783,0.489348,0.660,-0.995909,0.569690,0.556416,0.154314,6.22,diagnostic_not_tradability_proof
long_all_buys,63,100,one_day_delay,1808,0.071938,0.030111,0.320318,0.489348,0.655,-0.996152,0.568584,0.556416,0.154314,6.22,diagnostic_not_tradability_proof
long_top5_buys,63,0,next_close,1006,0.144321,0.090562,0.714713,0.558510,1.280,-0.973761,0.710736,1.000000,0.277336,6.22,diagnostic_not_tradability_proof
long_top5_buys,63,0,one_day_delay,1006,0.143821,0.090062,0.711718,0.558510,1.274,-0.974013,0.709742,1.000000,0.277336,6.22,diagnostic_not_tradability_proof
long_top5_buys,63,5,next_close,1006,0.143321,0.089562,0.708727,0.558510,1.269,-0.974263,0.705765,1.000000,0.277336,6.22,diagnostic_not_tradability_proof
long_top5_buys,63,5,one_day_delay,1006,0.142821,0.089062,0.705740,0.558510,1.264,-0.974511,0.705765,1.000000,0.277336,6.22,diagnostic_not_tradability_proof
long_top5_buys,63,10,next_close,1006,0.142321,0.088562,0.702757,0.558510,1.258,-0.974757,0.705765,1.000000,0.277336,6.22,diagnostic_not_tradability_proof
long_top5_buys,63,10,one_day_delay,1006,0.141821,0.088062,0.699777,0.558510,1.253,-0.975000,0.704771,1.000000,0.277336,6.22,diagnostic_not_tradability_proof
long_top5_buys,63,25,next_close,1006,0.139321,0.085562,0.684940,0.558510,1.226,-0.976185,0.700795,1.000000,0.277336,6.22,diagnostic_not_tradability_proof
long_top5_buys,63,25,one_day_delay,1006,0.138821,0.085062,0.681984,0.558510,1.221,-0.976416,0.698807,1.000000,0.277336,6.22,diagnostic_not_tradability_proof
long_top5_buys,63,50,next_close,1006,0.134321,0.080562,0.655556,0.558510,1.174,-0.978399,0.692843,1.000000,0.277336,6.22,diagnostic_not_tradability_proof
long_top5_buys,63,50,one_day_delay,1006,0.133821,0.080062,0.652639,0.558510,1.169,-0.978610,0.690855,1.000000,0.277336,6.22,diagnostic_not_tradability_proof
long_top5_buys,63,100,next_close,1006,0.124321,0.070562,0.597943,0.558510,1.071,-0.982264,0.654076,1.000000,0.277336,6.22,diagnostic_not_tradability_proof
long_top5_buys,63,100,one_day_delay,1006,0.123821,0.070062,0.595102,0.558510,1.066,-0.982439,0.654076,1.000000,0.277336,6.22,diagnostic_not_tradability_proof
avoid_non_top_buys,63,0,next_close,802,,,,,,,,,,,avoidance_not_trade
avoid_non_top_buys,63,0,one_day_delay,802,,,,,,,,,,,avoidance_not_trade
avoid_non_top_buys,63,5,next_close,802,,,,,,,,,,,avoidance_not_trade
avoid_non_top_buys,63,5,one_day_delay,802,,,,,,,,,,,avoidance_not_trade
avoid_non_top_buys,63,10,next_close,802,,,,,,,,,,,avoidance_not_trade
avoid_non_top_buys,63,10,one_day_delay,802,,,,,,,,,,,avoidance_not_trade
avoid_non_top_buys,63,25,next_close,802,,,,,,,,,,,avoidance_not_trade
avoid_non_top_buys,63,25,one_day_delay,802,,,,,,,,,,,avoidance_not_trade
avoid_non_top_buys,63,50,next_close,802,,,,,,,,,,,avoidance_not_trade
avoid_non_top_buys,63,50,one_day_delay,802,,,,,,,,,,,avoidance_not_trade
avoid_non_top_buys,63,100,next_close,802,,,,,,,,,,,avoidance_not_trade
avoid_non_top_buys,63,100,one_day_delay,802,,,,,,,,,,,avoidance_not_trade
short_non_top_buys_diagnostic,63,0,next_close,802,-0.027358,-0.010496,-0.105022,0.344014,-0.305,-1.000000,0.458853,0.000000,0.241895,5.18,diagnostic_not_tradability_proof
short_non_top_buys_diagnostic,63,0,one_day_delay,802,-0.027858,-0.010996,-0.106861,0.344014,-0.311,-1.000000,0.457606,0.000000,0.241895,5.18,diagnostic_not_tradability_proof
short_non_top_buys_diagnostic,63,5,next_close,802,-0.028358,-0.011496,-0.108697,0.344014,-0.316,-1.000000,0.457606,0.000000,0.241895,5.18,diagnostic_not_tradability_proof
short_non_top_buys_diagnostic,63,5,one_day_delay,802,-0.028858,-0.011996,-0.110530,0.344014,-0.321,-1.000000,0.456359,0.000000,0.241895,5.18,diagnostic_not_tradability_proof
short_non_top_buys_diagnostic,63,10,next_close,802,-0.029358,-0.012496,-0.112361,0.344014,-0.327,-1.000000,0.455112,0.000000,0.241895,5.18,diagnostic_not_tradability_proof
short_non_top_buys_diagnostic,63,10,one_day_delay,802,-0.029858,-0.012996,-0.114188,0.344014,-0.332,-1.000000,0.453865,0.000000,0.241895,5.18,diagnostic_not_tradability_proof
short_non_top_buys_diagnostic,63,25,next_close,802,-0.032358,-0.015496,-0.123284,0.344014,-0.358,-1.000000,0.445137,0.000000,0.241895,5.18,diagnostic_not_tradability_proof
short_non_top_buys_diagnostic,63,25,one_day_delay,802,-0.032858,-0.015996,-0.125094,0.344014,-0.364,-1.000000,0.445137,0.000000,0.241895,5.18,diagnostic_not_tradability_proof
short_non_top_buys_diagnostic,63,50,next_close,802,-0.037358,-0.020496,-0.141264,0.344014,-0.411,-1.000000,0.433915,0.000000,0.241895,5.18,diagnostic_not_tradability_proof
short_non_top_buys_diagnostic,63,50,one_day_delay,802,-0.037858,-0.020996,-0.143047,0.344014,-0.416,-1.000000,0.430175,0.000000,0.241895,5.18,diagnostic_not_tradability_proof
short_non_top_buys_diagnostic,63,100,next_close,802,-0.047358,-0.030496,-0.176395,0.344014,-0.513,-1.000000,0.403990,0.000000,0.241895,5.18,diagnostic_not_tradability_proof
short_non_top_buys_diagnostic,63,100,one_day_delay,802,-0.047858,-0.030996,-0.178122,0.344014,-0.518,-1.000000,0.402743,0.000000,0.241895,5.18,diagnostic_not_tradability_proof
long_buy_short_sell,63,0,next_close,2322,0.053631,0.023633,0.232407,0.521794,0.445,-182547267486.713745,0.568045,0.586563,0.168389,6.22,diagnostic_not_tradability_proof
long_buy_short_sell,63,0,one_day_delay,2322,0.053131,0.023133,0.230070,0.521794,0.441,-138583272576.881561,0.567183,0.586563,0.168389,6.22,diagnostic_not_tradability_proof
long_buy_short_sell,63,5,next_close,2322,0.052631,0.022633,0.227735,0.521794,0.436,-106695427330.051849,0.565030,0.586563,0.168389,6.22,diagnostic_not_tradability_proof
long_buy_short_sell,63,5,one_day_delay,2322,0.052131,0.022133,0.225404,0.521794,0.432,-82129352129.507202,0.562016,0.586563,0.168389,6.22,diagnostic_not_tradability_proof
long_buy_short_sell,63,10,next_close,2322,0.051631,0.021633,0.223077,0.521794,0.428,-63207479064.352242,0.562016,0.586563,0.168389,6.22,diagnostic_not_tradability_proof
long_buy_short_sell,63,10,one_day_delay,2322,0.051131,0.021133,0.220752,0.521794,0.423,-48635782746.107094,0.561585,0.586563,0.168389,6.22,diagnostic_not_tradability_proof
long_buy_short_sell,63,25,next_close,2322,0.048631,0.018633,0.209180,0.521794,0.401,-13081255820.544111,0.556417,0.586563,0.168389,6.22,diagnostic_not_tradability_proof
long_buy_short_sell,63,25,one_day_delay,2322,0.048131,0.018133,0.206875,0.521794,0.396,-10053992090.584681,0.554694,0.586563,0.168389,6.22,diagnostic_not_tradability_proof
long_buy_short_sell,63,50,next_close,2322,0.043631,0.013633,0.186282,0.521794,0.357,-932752062.762864,0.543066,0.586563,0.168389,6.22,diagnostic_not_tradability_proof
long_buy_short_sell,63,50,one_day_delay,2322,0.043131,0.013133,0.184011,0.521794,0.353,-629357786.986553,0.538760,0.586563,0.168389,6.22,diagnostic_not_tradability_proof
long_buy_short_sell,63,100,next_close,2322,0.033631,0.003633,0.141464,0.521794,0.271,-2344.851167,0.509905,0.586563,0.168389,6.22,diagnostic_not_tradability_proof
long_buy_short_sell,63,100,one_day_delay,2322,0.033131,0.003133,0.139257,0.521794,0.267,-2075.293411,0.509044,0.586563,0.168389,6.22,diagnostic_not_tradability_proof
long_all_buys,126,0,next_close,1808,0.179659,0.119629,0.391596,0.501207,0.781,-0.992484,0.696350,0.556416,0.154314,6.22,diagnostic_not_tradability_proof
long_all_buys,126,0,one_day_delay,1808,0.179159,0.119129,0.390417,0.501207,0.779,-0.992571,0.696350,0.556416,0.154314,6.22,diagnostic_not_tradability_proof
long_all_buys,126,5,next_close,1808,0.178659,0.118629,0.389238,0.501207,0.777,-0.992657,0.695243,0.556416,0.154314,6.22,diagnostic_not_tradability_proof
long_all_buys,126,5,one_day_delay,1808,0.178159,0.118129,0.388060,0.501207,0.774,-0.992742,0.695243,0.556416,0.154314,6.22,diagnostic_not_tradability_proof
long_all_buys,126,10,next_close,1808,0.177659,0.117629,0.386882,0.501207,0.772,-0.992827,0.695243,0.556416,0.154314,6.22,diagnostic_not_tradability_proof
long_all_buys,126,10,one_day_delay,1808,0.177159,0.117129,0.385704,0.501207,0.770,-0.992912,0.694137,0.556416,0.154314,6.22,diagnostic_not_tradability_proof
long_all_buys,126,25,next_close,1808,0.174659,0.114629,0.379825,0.501207,0.758,-0.993326,0.688606,0.556416,0.154314,6.22,diagnostic_not_tradability_proof
long_all_buys,126,25,one_day_delay,1808,0.174159,0.114129,0.378650,0.501207,0.755,-0.993408,0.688606,0.556416,0.154314,6.22,diagnostic_not_tradability_proof
long_all_buys,126,50,next_close,1808,0.169659,0.109629,0.368103,0.501207,0.734,-0.994118,0.680863,0.556416,0.154314,6.22,diagnostic_not_tradability_proof
long_all_buys,126,50,one_day_delay,1808,0.169159,0.109129,0.366934,0.501207,0.732,-0.994195,0.679757,0.556416,0.154314,6.22,diagnostic_not_tradability_proof
long_all_buys,126,100,next_close,1808,0.159659,0.099629,0.344810,0.501207,0.688,-0.995552,0.655973,0.556416,0.154314,6.22,diagnostic_not_tradability_proof
long_all_buys,126,100,one_day_delay,1808,0.159159,0.099129,0.343650,0.501207,0.686,-0.995619,0.655973,0.556416,0.154314,6.22,diagnostic_not_tradability_proof
long_top5_buys,126,0,next_close,1006,0.276977,0.187673,0.630670,0.551875,1.143,-0.708395,0.814115,1.000000,0.277336,6.22,diagnostic_not_tradability_proof
long_top5_buys,126,0,one_day_delay,1006,0.276477,0.187173,0.629393,0.551875,1.140,-0.709753,0.814115,1.000000,0.277336,6.22,diagnostic_not_tradability_proof
long_top5_buys,126,5,next_close,1006,0.275977,0.186673,0.628117,0.551875,1.138,-0.711105,0.814115,1.000000,0.277336,6.22,diagnostic_not_tradability_proof
long_top5_buys,126,5,one_day_delay,1006,0.275477,0.186173,0.626841,0.551875,1.136,-0.712452,0.814115,1.000000,0.277336,6.22,diagnostic_not_tradability_proof
long_top5_buys,126,10,next_close,1006,0.274977,0.185673,0.625566,0.551875,1.134,-0.713794,0.814115,1.000000,0.277336,6.22,diagnostic_not_tradability_proof
long_top5_buys,126,10,one_day_delay,1006,0.274477,0.185173,0.624292,0.551875,1.131,-0.715129,0.812127,1.000000,0.277336,6.22,diagnostic_not_tradability_proof
long_top5_buys,126,25,next_close,1006,0.271977,0.182673,0.617925,0.551875,1.120,-0.721727,0.806163,1.000000,0.277336,6.22,diagnostic_not_tradability_proof
long_top5_buys,126,25,one_day_delay,1006,0.271477,0.182173,0.616654,0.551875,1.117,-0.723031,0.806163,1.000000,0.277336,6.22,diagnostic_not_tradability_proof
long_top5_buys,126,50,next_close,1006,0.266977,0.177673,0.605231,0.551875,1.097,-0.734523,0.800199,1.000000,0.277336,6.22,diagnostic_not_tradability_proof
long_top5_buys,126,50,one_day_delay,1006,0.266477,0.177173,0.603964,0.551875,1.094,-0.735774,0.800199,1.000000,0.277336,6.22,diagnostic_not_tradability_proof
long_top5_buys,126,100,next_close,1006,0.256977,0.167673,0.579991,0.551875,1.051,-0.758579,0.788270,1.000000,0.277336,6.22,diagnostic_not_tradability_proof
long_top5_buys,126,100,one_day_delay,1006,0.256477,0.167173,0.578734,0.551875,1.049,-0.759730,0.788270,1.000000,0.277336,6.22,diagnostic_not_tradability_proof
avoid_non_top_buys,126,0,next_close,802,,,,,,,,,,,avoidance_not_trade
avoid_non_top_buys,126,0,one_day_delay,802,,,,,,,,,,,avoidance_not_trade
avoid_non_top_buys,126,5,next_close,802,,,,,,,,,,,avoidance_not_trade
avoid_non_top_buys,126,5,one_day_delay,802,,,,,,,,,,,avoidance_not_trade
avoid_non_top_buys,126,10,next_close,802,,,,,,,,,,,avoidance_not_trade
avoid_non_top_buys,126,10,one_day_delay,802,,,,,,,,,,,avoidance_not_trade
avoid_non_top_buys,126,25,next_close,802,,,,,,,,,,,avoidance_not_trade
avoid_non_top_buys,126,25,one_day_delay,802,,,,,,,,,,,avoidance_not_trade
avoid_non_top_buys,126,50,next_close,802,,,,,,,,,,,avoidance_not_trade
avoid_non_top_buys,126,50,one_day_delay,802,,,,,,,,,,,avoidance_not_trade
avoid_non_top_buys,126,100,next_close,802,,,,,,,,,,,avoidance_not_trade
avoid_non_top_buys,126,100,one_day_delay,802,,,,,,,,,,,avoidance_not_trade
short_non_top_buys_diagnostic,126,0,next_close,802,-0.057588,-0.016700,-0.111859,0.361866,-0.309,-1.000000,0.451372,0.000000,0.241895,5.18,diagnostic_not_tradability_proof
short_non_top_buys_diagnostic,126,0,one_day_delay,802,-0.058088,-0.017200,-0.112801,0.361866,-0.312,-1.000000,0.451372,0.000000,0.241895,5.18,diagnostic_not_tradability_proof
short_non_top_buys_diagnostic,126,5,next_close,802,-0.058588,-0.017700,-0.113743,0.361866,-0.314,-1.000000,0.450125,0.000000,0.241895,5.18,diagnostic_not_tradability_proof
short_non_top_buys_diagnostic,126,5,one_day_delay,802,-0.059088,-0.018200,-0.114684,0.361866,-0.317,-1.000000,0.448878,0.000000,0.241895,5.18,diagnostic_not_tradability_proof
short_non_top_buys_diagnostic,126,10,next_close,802,-0.059588,-0.018700,-0.115625,0.361866,-0.320,-1.000000,0.448878,0.000000,0.241895,5.18,diagnostic_not_tradability_proof
short_non_top_buys_diagnostic,126,10,one_day_delay,802,-0.060088,-0.019200,-0.116565,0.361866,-0.322,-1.000000,0.448878,0.000000,0.241895,5.18,diagnostic_not_tradability_proof
short_non_top_buys_diagnostic,126,25,next_close,802,-0.062588,-0.021700,-0.121258,0.361866,-0.335,-1.000000,0.446384,0.000000,0.241895,5.18,diagnostic_not_tradability_proof
short_non_top_buys_diagnostic,126,25,one_day_delay,802,-0.063088,-0.022200,-0.122195,0.361866,-0.338,-1.000000,0.445137,0.000000,0.241895,5.18,diagnostic_not_tradability_proof
short_non_top_buys_diagnostic,126,50,next_close,802,-0.067588,-0.026700,-0.130607,0.361866,-0.361,-1.000000,0.432668,0.000000,0.241895,5.18,diagnostic_not_tradability_proof
short_non_top_buys_diagnostic,126,50,one_day_delay,802,-0.068088,-0.027200,-0.131539,0.361866,-0.364,-1.000000,0.430175,0.000000,0.241895,5.18,diagnostic_not_tradability_proof
short_non_top_buys_diagnostic,126,100,next_close,802,-0.077588,-0.036700,-0.149156,0.361866,-0.412,-1.000000,0.403990,0.000000,0.241895,5.18,diagnostic_not_tradability_proof
short_non_top_buys_diagnostic,126,100,one_day_delay,802,-0.078088,-0.037200,-0.150078,0.361866,-0.415,-1.000000,0.402743,0.000000,0.241895,5.18,diagnostic_not_tradability_proof
long_buy_short_sell,126,0,next_close,2322,0.103001,0.060234,0.216610,0.543490,0.399,-175.237573,0.597761,0.586563,0.168389,6.22,diagnostic_not_tradability_proof
long_buy_short_sell,126,0,one_day_delay,2322,0.102501,0.059734,0.215507,0.543490,0.397,-171.789526,0.597761,0.586563,0.168389,6.22,diagnostic_not_tradability_proof
long_buy_short_sell,126,5,next_close,2322,0.102001,0.059234,0.214405,0.543490,0.394,-168.406707,0.596899,0.586563,0.168389,6.22,diagnostic_not_tradability_proof
long_buy_short_sell,126,5,one_day_delay,2322,0.101501,0.058734,0.213303,0.543490,0.392,-165.087946,0.596038,0.586563,0.168389,6.22,diagnostic_not_tradability_proof
long_buy_short_sell,126,10,next_close,2322,0.101001,0.058234,0.212202,0.543490,0.390,-161.832093,0.595177,0.586563,0.168389,6.22,diagnostic_not_tradability_proof
long_buy_short_sell,126,10,one_day_delay,2322,0.100501,0.057734,0.211101,0.543490,0.388,-158.638016,0.594315,0.586563,0.168389,6.22,diagnostic_not_tradability_proof
long_buy_short_sell,126,25,next_close,2322,0.098001,0.055234,0.205605,0.543490,0.378,-143.555988,0.589578,0.586563,0.168389,6.22,diagnostic_not_tradability_proof
long_buy_short_sell,126,25,one_day_delay,2322,0.097501,0.054734,0.204507,0.543490,0.376,-140.709854,0.589578,0.586563,0.168389,6.22,diagnostic_not_tradability_proof
long_buy_short_sell,126,50,next_close,2322,0.093001,0.050234,0.194650,0.543490,0.358,-117.426516,0.581826,0.586563,0.168389,6.22,diagnostic_not_tradability_proof
long_buy_short_sell,126,50,one_day_delay,2322,0.092501,0.049734,0.193557,0.543490,0.356,-115.081676,0.580965,0.586563,0.168389,6.22,diagnostic_not_tradability_proof
long_buy_short_sell,126,100,next_close,2322,0.083001,0.040234,0.172890,0.543490,0.318,-78.243537,0.558140,0.586563,0.168389,6.22,diagnostic_not_tradability_proof
long_buy_short_sell,126,100,one_day_delay,2322,0.082501,0.039734,0.171807,0.543490,0.316,-76.660910,0.558140,0.586563,0.168389,6.22,diagnostic_not_tradability_proof
long_all_buys,252,0,next_close,1808,0.325429,0.228873,0.325429,0.500516,0.650,-0.990414,0.772124,0.556416,0.154314,6.22,diagnostic_not_tradability_proof
long_all_buys,252,0,one_day_delay,1808,0.324929,0.228373,0.324929,0.500516,0.649,-0.990512,0.772124,0.556416,0.154314,6.22,diagnostic_not_tradability_proof
long_all_buys,252,5,next_close,1808,0.324429,0.227873,0.324429,0.500516,0.648,-0.990609,0.771571,0.556416,0.154314,6.22,diagnostic_not_tradability_proof
long_all_buys,252,5,one_day_delay,1808,0.323929,0.227373,0.323929,0.500516,0.647,-0.990705,0.771018,0.556416,0.154314,6.22,diagnostic_not_tradability_proof
long_all_buys,252,10,next_close,1808,0.323429,0.226873,0.323429,0.500516,0.646,-0.990802,0.770465,0.556416,0.154314,6.22,diagnostic_not_tradability_proof
long_all_buys,252,10,one_day_delay,1808,0.322929,0.226373,0.322929,0.500516,0.645,-0.990897,0.770465,0.556416,0.154314,6.22,diagnostic_not_tradability_proof
long_all_buys,252,25,next_close,1808,0.320429,0.223873,0.320429,0.500516,0.640,-0.991368,0.767699,0.556416,0.154314,6.22,diagnostic_not_tradability_proof
long_all_buys,252,25,one_day_delay,1808,0.319929,0.223373,0.319929,0.500516,0.639,-0.991461,0.767699,0.556416,0.154314,6.22,diagnostic_not_tradability_proof
long_all_buys,252,50,next_close,1808,0.315429,0.218873,0.315429,0.500516,0.630,-0.992272,0.764934,0.556416,0.154314,6.22,diagnostic_not_tradability_proof
long_all_buys,252,50,one_day_delay,1808,0.314929,0.218373,0.314929,0.500516,0.629,-0.992360,0.763827,0.556416,0.154314,6.22,diagnostic_not_tradability_proof
long_all_buys,252,100,next_close,1808,0.305429,0.208873,0.305429,0.500516,0.610,-0.993930,0.743363,0.556416,0.154314,6.22,diagnostic_not_tradability_proof
long_all_buys,252,100,one_day_delay,1808,0.304929,0.208373,0.304929,0.500516,0.609,-0.994008,0.743363,0.556416,0.154314,6.22,diagnostic_not_tradability_proof
long_top5_buys,252,0,next_close,1006,0.479720,0.284053,0.479720,0.538188,0.891,-0.847176,0.935388,1.000000,0.277336,6.22,diagnostic_not_tradability_proof
long_top5_buys,252,0,one_day_delay,1006,0.479220,0.283553,0.479220,0.538188,0.890,-0.847604,0.935388,1.000000,0.277336,6.22,diagnostic_not_tradability_proof
long_top5_buys,252,5,next_close,1006,0.478720,0.283053,0.478720,0.538188,0.890,-0.848032,0.935388,1.000000,0.277336,6.22,diagnostic_not_tradability_proof
long_top5_buys,252,5,one_day_delay,1006,0.478220,0.282553,0.478220,0.538188,0.889,-0.848459,0.934394,1.000000,0.277336,6.22,diagnostic_not_tradability_proof
long_top5_buys,252,10,next_close,1006,0.477720,0.282053,0.477720,0.538188,0.888,-0.848885,0.933400,1.000000,0.277336,6.22,diagnostic_not_tradability_proof
long_top5_buys,252,10,one_day_delay,1006,0.477220,0.281553,0.477220,0.538188,0.887,-0.849310,0.933400,1.000000,0.277336,6.22,diagnostic_not_tradability_proof
long_top5_buys,252,25,next_close,1006,0.474720,0.279053,0.474720,0.538188,0.882,-0.851424,0.932406,1.000000,0.277336,6.22,diagnostic_not_tradability_proof
long_top5_buys,252,25,one_day_delay,1006,0.474220,0.278553,0.474220,0.538188,0.881,-0.851844,0.932406,1.000000,0.277336,6.22,diagnostic_not_tradability_proof
long_top5_buys,252,50,next_close,1006,0.469720,0.274053,0.469720,0.538188,0.873,-0.855592,0.930417,1.000000,0.277336,6.22,diagnostic_not_tradability_proof
long_top5_buys,252,50,one_day_delay,1006,0.469220,0.273553,0.469220,0.538188,0.872,-0.856004,0.930417,1.000000,0.277336,6.22,diagnostic_not_tradability_proof
long_top5_buys,252,100,next_close,1006,0.459720,0.264053,0.459720,0.538188,0.854,-0.863693,0.918489,1.000000,0.277336,6.22,diagnostic_not_tradability_proof
long_top5_buys,252,100,one_day_delay,1006,0.459220,0.263553,0.459220,0.538188,0.853,-0.864090,0.918489,1.000000,0.277336,6.22,diagnostic_not_tradability_proof
avoid_non_top_buys,252,0,next_close,802,,,,,,,,,,,avoidance_not_trade
avoid_non_top_buys,252,0,one_day_delay,802,,,,,,,,,,,avoidance_not_trade
avoid_non_top_buys,252,5,next_close,802,,,,,,,,,,,avoidance_not_trade
avoid_non_top_buys,252,5,one_day_delay,802,,,,,,,,,,,avoidance_not_trade
avoid_non_top_buys,252,10,next_close,802,,,,,,,,,,,avoidance_not_trade
avoid_non_top_buys,252,10,one_day_delay,802,,,,,,,,,,,avoidance_not_trade
avoid_non_top_buys,252,25,next_close,802,,,,,,,,,,,avoidance_not_trade
avoid_non_top_buys,252,25,one_day_delay,802,,,,,,,,,,,avoidance_not_trade
avoid_non_top_buys,252,50,next_close,802,,,,,,,,,,,avoidance_not_trade
avoid_non_top_buys,252,50,one_day_delay,802,,,,,,,,,,,avoidance_not_trade
avoid_non_top_buys,252,100,next_close,802,,,,,,,,,,,avoidance_not_trade
avoid_non_top_buys,252,100,one_day_delay,802,,,,,,,,,,,avoidance_not_trade
short_non_top_buys_diagnostic,252,0,next_close,802,-0.131892,-0.031663,-0.131892,0.366513,-0.360,-1.000000,0.432668,0.000000,0.241895,5.18,diagnostic_not_tradability_proof
short_non_top_buys_diagnostic,252,0,one_day_delay,802,-0.132392,-0.032163,-0.132392,0.366513,-0.361,-1.000000,0.432668,0.000000,0.241895,5.18,diagnostic_not_tradability_proof
short_non_top_buys_diagnostic,252,5,next_close,802,-0.132892,-0.032663,-0.132892,0.366513,-0.363,-1.000000,0.431421,0.000000,0.241895,5.18,diagnostic_not_tradability_proof
short_non_top_buys_diagnostic,252,5,one_day_delay,802,-0.133392,-0.033163,-0.133392,0.366513,-0.364,-1.000000,0.430175,0.000000,0.241895,5.18,diagnostic_not_tradability_proof
short_non_top_buys_diagnostic,252,10,next_close,802,-0.133892,-0.033663,-0.133892,0.366513,-0.365,-1.000000,0.430175,0.000000,0.241895,5.18,diagnostic_not_tradability_proof
short_non_top_buys_diagnostic,252,10,one_day_delay,802,-0.134392,-0.034163,-0.134392,0.366513,-0.367,-1.000000,0.430175,0.000000,0.241895,5.18,diagnostic_not_tradability_proof
short_non_top_buys_diagnostic,252,25,next_close,802,-0.136892,-0.036663,-0.136892,0.366513,-0.373,-1.000000,0.425187,0.000000,0.241895,5.18,diagnostic_not_tradability_proof
short_non_top_buys_diagnostic,252,25,one_day_delay,802,-0.137392,-0.037163,-0.137392,0.366513,-0.375,-1.000000,0.425187,0.000000,0.241895,5.18,diagnostic_not_tradability_proof
short_non_top_buys_diagnostic,252,50,next_close,802,-0.141892,-0.041663,-0.141892,0.366513,-0.387,-1.000000,0.412718,0.000000,0.241895,5.18,diagnostic_not_tradability_proof
short_non_top_buys_diagnostic,252,50,one_day_delay,802,-0.142392,-0.042163,-0.142392,0.366513,-0.389,-1.000000,0.408978,0.000000,0.241895,5.18,diagnostic_not_tradability_proof
short_non_top_buys_diagnostic,252,100,next_close,802,-0.151892,-0.051663,-0.151892,0.366513,-0.414,-1.000000,0.382793,0.000000,0.241895,5.18,diagnostic_not_tradability_proof
short_non_top_buys_diagnostic,252,100,one_day_delay,802,-0.152392,-0.052163,-0.152392,0.366513,-0.416,-1.000000,0.381546,0.000000,0.241895,5.18,diagnostic_not_tradability_proof
long_buy_short_sell,252,0,next_close,2322,0.190786,0.129235,0.190786,0.558625,0.342,-84982726252.138184,0.642119,0.586563,0.168389,6.22,diagnostic_not_tradability_proof
long_buy_short_sell,252,0,one_day_delay,2322,0.190286,0.128735,0.190286,0.558625,0.341,-40142612130.625626,0.642119,0.586563,0.168389,6.22,diagnostic_not_tradability_proof
long_buy_short_sell,252,5,next_close,2322,0.189786,0.128235,0.189786,0.558625,0.340,-15291397829.042473,0.641688,0.586563,0.168389,6.22,diagnostic_not_tradability_proof
long_buy_short_sell,252,5,one_day_delay,2322,0.189286,0.127735,0.189286,0.558625,0.339,-3543988111.238187,0.640396,0.586563,0.168389,6.22,diagnostic_not_tradability_proof
long_buy_short_sell,252,10,next_close,2322,0.188786,0.127235,0.188786,0.558625,0.338,-39781480.853425,0.639966,0.586563,0.168389,6.22,diagnostic_not_tradability_proof
long_buy_short_sell,252,10,one_day_delay,2322,0.188286,0.126735,0.188286,0.558625,0.337,-1404912200.702504,0.639966,0.586563,0.168389,6.22,diagnostic_not_tradability_proof
long_buy_short_sell,252,25,next_close,2322,0.185786,0.124235,0.185786,0.558625,0.333,-24006603290.627758,0.637812,0.586563,0.168389,6.22,diagnostic_not_tradability_proof
long_buy_short_sell,252,25,one_day_delay,2322,0.185286,0.123735,0.185286,0.558625,0.332,-26997326026.194626,0.637812,0.586563,0.168389,6.22,diagnostic_not_tradability_proof
long_buy_short_sell,252,50,next_close,2322,0.180786,0.119235,0.180786,0.558625,0.324,-24246788437.068611,0.633506,0.586563,0.168389,6.22,diagnostic_not_tradability_proof
long_buy_short_sell,252,50,one_day_delay,2322,0.180286,0.118735,0.180286,0.558625,0.323,-22460539831.377888,0.632644,0.586563,0.168389,6.22,diagnostic_not_tradability_proof
long_buy_short_sell,252,100,next_close,2322,0.170786,0.109235,0.170786,0.558625,0.306,-2264543223.254680,0.615418,0.586563,0.168389,6.22,diagnostic_not_tradability_proof
long_buy_short_sell,252,100,one_day_delay,2322,0.170286,0.108735,0.170286,0.558625,0.305,-1955772745.510520,0.615418,0.586563,0.168389,6.22,diagnostic_not_tradability_proof
