ticker,endpoint,status
AAPL,info,ok
AAPL,upgrades_downgrades,ok
AAPL,recommendations,ok
AAPL,recommendations_summary,ok
AAPL,analyst_price_targets,empty
AMC,info,ok
AMC,upgrades_downgrades,ok
AMC,recommendations,ok
AMC,recommendations_summary,ok
AMC,analyst_price_targets,empty
AMD,info,ok
AMD,upgrades_downgrades,ok
AMD,recommendations,ok
AMD,recommendations_summary,ok
AMD,analyst_price_targets,empty
AMZN,info,ok
AMZN,upgrades_downgrades,ok
AMZN,recommendations,ok
AMZN,recommendations_summary,ok
AMZN,analyst_price_targets,empty
COIN,info,ok
COIN,upgrades_downgrades,ok
COIN,recommendations,ok
COIN,recommendations_summary,ok
COIN,analyst_price_targets,empty
CRM,info,ok
CRM,upgrades_downgrades,ok
CRM,recommendations,ok
CRM,recommendations_summary,ok
CRM,analyst_price_targets,empty
DIS,info,ok
DIS,upgrades_downgrades,ok
DIS,recommendations,ok
DIS,recommendations_summary,ok
DIS,analyst_price_targets,empty
GOOGL,info,ok
GOOGL,upgrades_downgrades,ok
GOOGL,recommendations,ok
GOOGL,recommendations_summary,ok
GOOGL,analyst_price_targets,empty
HOOD,info,ok
HOOD,upgrades_downgrades,ok
HOOD,recommendations,ok
HOOD,recommendations_summary,ok
HOOD,analyst_price_targets,empty
META,info,ok
META,upgrades_downgrades,ok
META,recommendations,ok
META,recommendations_summary,ok
META,analyst_price_targets,empty
MSFT,info,ok
MSFT,upgrades_downgrades,ok
MSFT,recommendations,ok
MSFT,recommendations_summary,ok
MSFT,analyst_price_targets,empty
NFLX,info,ok
NFLX,upgrades_downgrades,ok
NFLX,recommendations,ok
NFLX,recommendations_summary,ok
NFLX,analyst_price_targets,empty
NVDA,info,ok
NVDA,upgrades_downgrades,ok
NVDA,recommendations,ok
NVDA,recommendations_summary,ok
NVDA,analyst_price_targets,empty
PLTR,info,ok
PLTR,upgrades_downgrades,ok
PLTR,recommendations,ok
PLTR,recommendations_summary,ok
PLTR,analyst_price_targets,empty
PYPL,info,ok
PYPL,upgrades_downgrades,ok
PYPL,recommendations,ok
PYPL,recommendations_summary,ok
PYPL,analyst_price_targets,empty
ROKU,info,ok
ROKU,upgrades_downgrades,ok
ROKU,recommendations,ok
ROKU,recommendations_summary,ok
ROKU,analyst_price_targets,empty
SOFI,info,ok
SOFI,upgrades_downgrades,ok
SOFI,recommendations,ok
SOFI,recommendations_summary,ok
SOFI,analyst_price_targets,empty
TSLA,info,ok
TSLA,upgrades_downgrades,ok
TSLA,recommendations,ok
TSLA,recommendations_summary,ok
TSLA,analyst_price_targets,empty
UBER,info,ok
UBER,upgrades_downgrades,ok
UBER,recommendations,ok
UBER,recommendations_summary,ok
UBER,analyst_price_targets,empty
