window,creator,n,mean_abnormal_spy
1D,Ale's World of Stocks,50,-0.0006661399999999994
1D,Best of Us Investors,20,0.00047269999999999983
1D,Bloomberg Television,9,0.015946666666666668
1D,CNBC Television,9,0.019261
1D,Chicken Genius Singapore,63,0.010915428571428572
1D,Chris Sain,15,-0.009081133333333333
1D,Couch Investor,111,-0.0022723153153153155
1D,Daniel Pronk,62,0.0004775645161290322
1D,Dividend Bull,1,-0.127626
1D,Dividendology,7,0.011727142857142856
1D,Dumb Money Live,18,0.015104500000000002
1D,Everything Money,86,0.0008604302325581397
1D,Financial Education,171,0.037871730994152045
1D,Graham Stephan,18,-0.002160833333333333
1D,HyperChange,225,0.005210253333333332
1D,Investing with Tom,7,-0.009172714285714284
1D,Jose Najarro Stocks,148,-0.00378922972972973
1D,Joseph Carlson,132,-0.0029363863636363632
1D,Kenan Grace,24,0.008939750000000002
1D,Learn to Invest - Investors Grow,18,0.00048444444444444435
1D,"Mark Roussin, CPA",57,-0.00014078947368421037
1D,Meet Kevin,29,-3.396551724137882e-05
1D,Minority Mindset,3,-0.009408
1D,New Money,84,-0.0002576785714285713
1D,"Parkev Tatevosian, CFA",16,-0.0063872500000000006
1D,STOCK UP! with LARRY JONES,30,-0.0035188000000000007
1D,Sasha Yanshin,140,0.005539535714285714
1D,Stock Moe,5,0.007660599999999999
1D,The Investor Channel,115,0.004460791304347826
1D,The Plain Bagel,30,0.0185922
1D,The Swedish Investor,7,0.004321857142857143
1D,Ticker Symbol: YOU,196,0.0010057295918367347
1D,Tom Nash,51,0.0016470588235294118
1D,"Value Investing with Sven Carlin, Ph.D.",20,-0.0025936500000000003
1D,ZipTrader,91,-0.13451365934065934
1M,Ale's World of Stocks,50,-0.014971800000000002
1M,Best of Us Investors,18,0.026440111111111112
1M,Chicken Genius Singapore,63,0.12218495238095238
1M,Chris Sain,15,0.009272066666666667
1M,Couch Investor,88,-0.045789340909090905
1M,Daniel Pronk,55,-0.0017256181818181833
1M,Dividend Bull,1,0.009733
1M,Dividendology,6,-0.005048833333333333
1M,Dumb Money Live,18,0.08208750000000001
1M,Everything Money,81,-0.008911333333333334
1M,Financial Education,147,0.07797824489795918
1M,Graham Stephan,18,0.019079166666666668
1M,HyperChange,225,-0.06987309333333333
1M,Investing with Tom,7,0.025637999999999998
1M,Jose Najarro Stocks,132,-0.024929537878787877
1M,Joseph Carlson,132,0.013958795454545453
1M,Kenan Grace,12,-0.009601249999999999
1M,Learn to Invest - Investors Grow,18,0.009976722222222222
1M,"Mark Roussin, CPA",57,0.007766859649122807
1M,Meet Kevin,29,-0.013348
1M,Minority Mindset,3,-0.09280700000000001
1M,New Money,84,0.002842785714285714
1M,"Parkev Tatevosian, CFA",3,-0.011856666666666673
1M,STOCK UP! with LARRY JONES,30,-0.030296
1M,Sasha Yanshin,140,-0.026428542857142856
1M,Stock Moe,5,0.0307182
1M,The Investor Channel,114,0.01784342105263158
1M,The Plain Bagel,30,-0.05104909999999999
1M,The Swedish Investor,7,0.10552442857142856
1M,Ticker Symbol: YOU,192,0.013436999999999998
1M,Tom Nash,51,0.08623694117647059
1M,"Value Investing with Sven Carlin, Ph.D.",17,0.029392235294117646
1M,ZipTrader,87,-0.3591606206896552
1W,Ale's World of Stocks,50,-0.00648664
1W,Best of Us Investors,20,-0.03240755
1W,Bloomberg Television,9,0.042668
1W,CNBC Television,9,0.04406966666666666
1W,Chicken Genius Singapore,63,0.016819190476190477
1W,Chris Sain,15,-0.0031409333333333334
1W,Couch Investor,101,-0.007464564356435644
1W,Daniel Pronk,62,-0.0026540967741935477
1W,Dividend Bull,1,-0.025549
1W,Dividendology,7,0.011338571428571429
1W,Dumb Money Live,18,0.022872666666666666
1W,Everything Money,86,0.011044406976744185
1W,Financial Education,165,0.040296230303030305
1W,Graham Stephan,18,-0.025619333333333334
1W,HyperChange,225,-0.011841639999999997
1W,Investing with Tom,7,-0.010001142857142858
1W,Jose Najarro Stocks,147,-0.0053912993197278904
1W,Joseph Carlson,132,-0.004432340909090909
1W,Kenan Grace,24,0.019147625
1W,Learn to Invest - Investors Grow,18,0.019053722222222222
1W,"Mark Roussin, CPA",57,0.005933280701754386
1W,Meet Kevin,29,-0.003784413793103448
1W,Minority Mindset,3,-0.13883
1W,New Money,84,0.006649714285714285
1W,"Parkev Tatevosian, CFA",13,-0.021422
1W,STOCK UP! with LARRY JONES,30,0.0047881999999999985
1W,Sasha Yanshin,140,-0.0048484714285714275
1W,Stock Moe,5,0.014574799999999999
1W,The Investor Channel,115,0.0108522
1W,The Plain Bagel,30,0.013113900000000001
1W,The Swedish Investor,7,0.01778257142857143
1W,Ticker Symbol: YOU,196,-0.0015185765306122458
1W,Tom Nash,51,0.016315294117647056
1W,"Value Investing with Sven Carlin, Ph.D.",20,0.004939299999999999
1W,ZipTrader,91,-0.09944523076923076
1Y,Ale's World of Stocks,33,-0.0056708181818181805
1Y,Chicken Genius Singapore,63,0.8464184285714286
1Y,Daniel Pronk,37,0.2006814864864865
1Y,Dividend Bull,1,0.330299
1Y,Everything Money,9,0.14930466666666667
1Y,Financial Education,57,0.42369978947368425
1Y,HyperChange,225,0.35502790666666667
1Y,Investing with Tom,7,0.19703014285714285
1Y,Joseph Carlson,132,0.07933990909090909
1Y,Learn to Invest - Investors Grow,15,0.047994666666666665
1Y,"Mark Roussin, CPA",46,0.09288030434782608
1Y,New Money,84,0.06980939285714285
1Y,Sasha Yanshin,138,0.1722563043478261
1Y,The Investor Channel,103,0.14443664077669904
1Y,The Plain Bagel,27,0.6063562222222223
1Y,The Swedish Investor,5,-0.0598038
1Y,Ticker Symbol: YOU,180,0.47592070000000003
1Y,Tom Nash,51,0.23145364705882351
1Y,"Value Investing with Sven Carlin, Ph.D.",3,-0.13100599999999998
1Y,ZipTrader,87,-0.595696
2M,Ale's World of Stocks,41,0.009061951219512194
2M,Best of Us Investors,7,-0.040773142857142855
2M,Chicken Genius Singapore,63,0.2985855714285714
2M,Chris Sain,15,0.0338322
2M,Couch Investor,81,-0.06492502469135802
2M,Daniel Pronk,55,0.022004181818181822
2M,Dividend Bull,1,0.074301
2M,Dividendology,6,-0.003538833333333336
2M,Dumb Money Live,18,0.0538205
2M,Everything Money,81,0.002601938271604938
2M,Financial Education,136,0.16105408088235296
2M,Graham Stephan,12,-0.02932249999999999
2M,HyperChange,225,-0.05204214666666667
2M,Investing with Tom,7,0.014742285714285711
2M,Jose Najarro Stocks,132,0.02345787121212121
2M,Joseph Carlson,132,0.016075454545454542
2M,Kenan Grace,6,-0.0159725
2M,Learn to Invest - Investors Grow,16,0.0559604375
2M,"Mark Roussin, CPA",57,0.03407552631578948
2M,Meet Kevin,29,-0.024777137931034483
2M,Minority Mindset,3,-0.082267
2M,New Money,84,0.02954178571428571
2M,STOCK UP! with LARRY JONES,30,-0.030246999999999993
2M,Sasha Yanshin,140,-0.012153021428571428
2M,Stock Moe,5,-0.04814500000000001
2M,The Investor Channel,114,0.02942809649122807
2M,The Plain Bagel,30,-0.017363999999999997
2M,The Swedish Investor,7,0.19473728571428572
2M,Ticker Symbol: YOU,192,0.02402240625
2M,Tom Nash,51,0.05627641176470588
2M,"Value Investing with Sven Carlin, Ph.D.",17,0.10901211764705883
2M,ZipTrader,87,-0.3383733103448276
2W,Ale's World of Stocks,50,-0.004301140000000002
2W,Best of Us Investors,18,-0.03674572222222222
2W,Chicken Genius Singapore,63,0.06193752380952381
2W,Chris Sain,15,0.0008764666666666673
2W,Couch Investor,94,-0.010909946808510639
2W,Daniel Pronk,58,-0.014964086206896553
2W,Dividend Bull,1,-0.035361
2W,Dividendology,7,0.016495857142857142
2W,Dumb Money Live,18,0.04409183333333334
2W,Everything Money,81,0.004915975308641974
2W,Financial Education,159,0.08143253459119497
2W,Graham Stephan,18,0.012530166666666667
2W,HyperChange,225,-0.03569933333333334
2W,Investing with Tom,7,-0.0034977142857142854
2W,Jose Najarro Stocks,143,-0.007567286713286714
2W,Joseph Carlson,132,0.005521386363636364
2W,Kenan Grace,24,0.034657375
2W,Learn to Invest - Investors Grow,18,0.008743666666666665
2W,"Mark Roussin, CPA",57,0.00544742105263158
2W,Meet Kevin,29,0.009421965517241379
2W,Minority Mindset,3,-0.154025
2W,New Money,84,0.009072142857142857
2W,"Parkev Tatevosian, CFA",4,0.02009325
2W,STOCK UP! with LARRY JONES,30,-0.019587599999999997
2W,Sasha Yanshin,140,-0.015218307142857143
2W,Stock Moe,5,0.028673999999999998
2W,The Investor Channel,115,0.018633434782608694
2W,The Plain Bagel,30,-0.008848000000000002
2W,The Swedish Investor,7,0.1100312857142857
2W,Ticker Symbol: YOU,192,0.013150656249999998
2W,Tom Nash,51,0.0019463529411764676
2W,"Value Investing with Sven Carlin, Ph.D.",20,0.0009187
2W,ZipTrader,91,-0.328110021978022
2Y,Chicken Genius Singapore,63,1.011932619047619
2Y,HyperChange,213,0.5026642112676056
2Y,Investing with Tom,7,0.2609
2Y,Joseph Carlson,132,0.08804729545454545
2Y,Learn to Invest - Investors Grow,8,0.002387125000000004
2Y,New Money,69,0.17674286956521737
2Y,Sasha Yanshin,114,0.42990147368421056
2Y,The Investor Channel,27,0.43053288888888885
2Y,The Plain Bagel,15,1.5665532000000002
2Y,The Swedish Investor,1,0.715799
2Y,Ticker Symbol: YOU,138,0.9738532826086956
2Y,Tom Nash,9,0.1929856666666667
2Y,ZipTrader,75,-0.73094036
3M,Ale's World of Stocks,38,0.0014071578947368437
3M,Best of Us Investors,7,-0.06865757142857143
3M,Chicken Genius Singapore,63,0.5221399523809525
3M,Chris Sain,15,0.0663908
3M,Couch Investor,67,-0.08421335820895522
3M,Daniel Pronk,55,0.03443845454545454
3M,Dividend Bull,1,0.080167
3M,Dividendology,6,-0.014137000000000004
3M,Dumb Money Live,15,0.08106819999999999
3M,Everything Money,56,-0.04506203571428571
3M,Financial Education,136,0.10334378676470589
3M,Graham Stephan,12,-0.07649425
3M,HyperChange,225,-0.04088953333333334
3M,Investing with Tom,7,0.07084571428571429
3M,Jose Najarro Stocks,108,0.10508849074074073
3M,Joseph Carlson,132,0.04287286363636364
3M,Kenan Grace,6,-0.1071935
3M,Learn to Invest - Investors Grow,16,0.08530025
3M,"Mark Roussin, CPA",56,0.06142919642857143
3M,Meet Kevin,26,-0.04432392307692308
3M,Minority Mindset,3,0.084413
3M,New Money,84,0.036119321428571424
3M,STOCK UP! with LARRY JONES,21,-0.104746
3M,Sasha Yanshin,138,0.03367591304347826
3M,Stock Moe,5,-0.0317766
3M,The Investor Channel,113,0.045196619469026554
3M,The Plain Bagel,30,-0.0148676
3M,The Swedish Investor,7,0.1790632857142857
3M,Ticker Symbol: YOU,192,0.0663750625
3M,Tom Nash,51,0.08846647058823529
3M,"Value Investing with Sven Carlin, Ph.D.",11,0.06563372727272726
3M,ZipTrader,87,-0.37177899999999997
3W,Ale's World of Stocks,50,-0.0062076200000000005
3W,Best of Us Investors,18,-0.025656166666666667
3W,Chicken Genius Singapore,63,0.10981466666666667
3W,Chris Sain,15,-0.000676999999999998
3W,Couch Investor,88,-0.025700170454545455
3W,Daniel Pronk,56,-0.005710374999999999
3W,Dividend Bull,1,0.035626
3W,Dividendology,6,-0.009104833333333333
3W,Dumb Money Live,18,0.05762583333333334
3W,Everything Money,81,-0.015717469135802468
3W,Financial Education,159,0.10362779874213837
3W,Graham Stephan,18,-0.0026336666666666644
3W,HyperChange,225,-0.06701908
3W,Investing with Tom,7,0.007836571428571427
3W,Jose Najarro Stocks,138,-0.023604159420289855
3W,Joseph Carlson,132,0.014066363636363636
3W,Kenan Grace,21,0.005501000000000001
3W,Learn to Invest - Investors Grow,18,0.016037944444444445
3W,"Mark Roussin, CPA",57,0.011715947368421053
3W,Meet Kevin,29,-0.004616241379310344
3W,Minority Mindset,3,-0.129997
3W,New Money,84,0.0018058571428571431
3W,"Parkev Tatevosian, CFA",4,-0.036781499999999995
3W,STOCK UP! with LARRY JONES,30,-0.0255634
3W,Sasha Yanshin,140,-0.019554507142857145
3W,Stock Moe,5,0.024963199999999998
3W,The Investor Channel,115,0.01847517391304348
3W,The Plain Bagel,30,-0.034611499999999996
3W,The Swedish Investor,7,0.11231285714285713
3W,Ticker Symbol: YOU,192,0.020589203125
3W,Tom Nash,51,0.08242723529411766
3W,"Value Investing with Sven Carlin, Ph.D.",20,0.0121257
3W,ZipTrader,87,-0.3270783103448276
6M,Ale's World of Stocks,36,0.13164025000000001
6M,Best of Us Investors,4,-0.0008255
6M,Chicken Genius Singapore,63,1.0507457142857142
6M,Chris Sain,15,0.03988726666666666
6M,Couch Investor,3,-0.3264666666666667
6M,Daniel Pronk,46,0.15521891304347826
6M,Dividend Bull,1,0.185438
6M,Dividendology,4,0.01610275
6M,Dumb Money Live,15,0.19428199999999998
6M,Everything Money,39,-0.042143307692307695
6M,Financial Education,90,0.11424373333333333
6M,Graham Stephan,3,0.15631
6M,HyperChange,225,0.08028152
6M,Investing with Tom,7,0.12427257142857143
6M,Jose Najarro Stocks,23,-0.056065956521739124
6M,Joseph Carlson,132,0.039644204545454545
6M,Kenan Grace,3,-0.244911
6M,Learn to Invest - Investors Grow,15,0.0758272
6M,"Mark Roussin, CPA",55,0.10494267272727273
6M,New Money,84,0.050618892857142855
6M,STOCK UP! with LARRY JONES,21,-0.07077528571428572
6M,Sasha Yanshin,138,0.13067497826086957
6M,The Investor Channel,110,0.10776216363636364
6M,The Plain Bagel,30,0.34693120000000005
6M,The Swedish Investor,7,0.11240357142857142
6M,Ticker Symbol: YOU,183,0.18119047540983607
6M,Tom Nash,51,0.2558902941176471
6M,"Value Investing with Sven Carlin, Ph.D.",9,0.15053511111111112
6M,ZipTrader,87,-0.5180998620689655
END_OF_SAMPLE,Ale's World of Stocks,50,0.25869776
END_OF_SAMPLE,Best of Us Investors,20,0.026182999999999994
END_OF_SAMPLE,Bloomberg Television,9,0.044331666666666665
END_OF_SAMPLE,CNBC Television,9,0.056194999999999995
END_OF_SAMPLE,Chicken Genius Singapore,63,1.9442302857142857
END_OF_SAMPLE,Chris Sain,15,0.04999706666666669
END_OF_SAMPLE,Couch Investor,111,-0.019260252252252245
END_OF_SAMPLE,Daniel Pronk,62,0.28554870967741935
END_OF_SAMPLE,Dividend Bull,1,0.38756
END_OF_SAMPLE,Dividendology,7,-0.04116199999999999
END_OF_SAMPLE,Dumb Money Live,18,0.18815283333333332
END_OF_SAMPLE,Everything Money,86,0.01760110465116279
END_OF_SAMPLE,Financial Education,171,0.6444946959064328
END_OF_SAMPLE,Graham Stephan,18,0.006659666666666665
END_OF_SAMPLE,HyperChange,225,0.46976517333333334
END_OF_SAMPLE,Investing with Tom,7,0.7017552857142857
END_OF_SAMPLE,Jose Najarro Stocks,148,0.1904317635135135
END_OF_SAMPLE,Joseph Carlson,132,0.15226788636363636
END_OF_SAMPLE,Kenan Grace,24,0.0157085
END_OF_SAMPLE,Learn to Invest - Investors Grow,18,0.13346772222222222
END_OF_SAMPLE,"Mark Roussin, CPA",57,0.3329813333333333
END_OF_SAMPLE,Meet Kevin,29,0.10702831034482758
END_OF_SAMPLE,Minority Mindset,3,0.041472
END_OF_SAMPLE,New Money,84,0.3037424642857143
END_OF_SAMPLE,"Parkev Tatevosian, CFA",16,-0.0401135625
END_OF_SAMPLE,STOCK UP! with LARRY JONES,30,-0.0227778
END_OF_SAMPLE,Sasha Yanshin,140,1.0571973214285713
END_OF_SAMPLE,Stock Moe,5,0.1431384
END_OF_SAMPLE,The Investor Channel,115,0.3616009043478261
END_OF_SAMPLE,The Plain Bagel,30,1.0771205
END_OF_SAMPLE,The Swedish Investor,7,0.17412757142857144
END_OF_SAMPLE,Ticker Symbol: YOU,196,1.3397745612244898
END_OF_SAMPLE,Tom Nash,51,0.5672182352941176
END_OF_SAMPLE,"Value Investing with Sven Carlin, Ph.D.",20,0.13694730000000002
END_OF_SAMPLE,ZipTrader,91,-0.561079032967033
PRE_1M,Ale's World of Stocks,50,0.02884462
PRE_1M,Best of Us Investors,20,0.036860800000000006
PRE_1M,Bloomberg Television,9,-0.009860333333333336
PRE_1M,CNBC Television,9,-0.0010006666666666666
PRE_1M,Chicken Genius Singapore,63,0.09638280952380954
PRE_1M,Chris Sain,15,0.08966353333333334
PRE_1M,Couch Investor,111,-0.030240189189189193
PRE_1M,Daniel Pronk,62,-0.01686643548387097
PRE_1M,Dividend Bull,1,-0.251206
PRE_1M,Dividendology,7,0.023784142857142858
PRE_1M,Dumb Money Live,18,0.052835
PRE_1M,Everything Money,86,-0.022593511627906977
PRE_1M,Financial Education,171,0.030834304093567248
PRE_1M,Graham Stephan,18,0.03940133333333334
PRE_1M,HyperChange,225,-0.11077674666666666
PRE_1M,Investing with Tom,7,-0.01829071428571428
PRE_1M,Jose Najarro Stocks,148,0.014725486486486486
PRE_1M,Joseph Carlson,132,0.004237181818181819
PRE_1M,Kenan Grace,24,0.045650625
PRE_1M,Learn to Invest - Investors Grow,18,0.010605722222222223
PRE_1M,"Mark Roussin, CPA",57,-0.024416491228070176
PRE_1M,Meet Kevin,29,-0.05761362068965517
PRE_1M,Minority Mindset,3,0.022001000000000003
PRE_1M,New Money,84,0.004163964285714286
PRE_1M,"Parkev Tatevosian, CFA",16,-0.049338812499999996
PRE_1M,STOCK UP! with LARRY JONES,30,-0.0106516
PRE_1M,Sasha Yanshin,140,-0.030672178571428572
PRE_1M,Stock Moe,5,-0.0181266
PRE_1M,The Investor Channel,115,0.01841553043478261
PRE_1M,The Plain Bagel,30,0.1495033
PRE_1M,The Swedish Investor,7,-0.05379842857142857
PRE_1M,Ticker Symbol: YOU,196,0.007234188775510205
PRE_1M,Tom Nash,51,0.08769888235294117
PRE_1M,"Value Investing with Sven Carlin, Ph.D.",20,0.011191249999999998
PRE_1M,ZipTrader,91,-0.06499313186813188
PRE_1W,Ale's World of Stocks,50,-0.0144909
PRE_1W,Best of Us Investors,20,-0.0066483
PRE_1W,Bloomberg Television,9,-0.08541466666666667
PRE_1W,CNBC Television,9,8.500000000000174e-05
PRE_1W,Chicken Genius Singapore,63,0.02694685714285714
PRE_1W,Chris Sain,15,0.030218599999999998
PRE_1W,Couch Investor,111,-0.006258945945945946
PRE_1W,Daniel Pronk,62,-0.014845967741935483
PRE_1W,Dividend Bull,1,-0.064658
PRE_1W,Dividendology,7,0.016458714285714285
PRE_1W,Dumb Money Live,18,0.015660333333333335
PRE_1W,Everything Money,86,-0.0024643372093023255
PRE_1W,Financial Education,171,0.0028719590643274846
PRE_1W,Graham Stephan,18,-0.0054540000000000005
PRE_1W,HyperChange,225,-0.038330546666666666
PRE_1W,Investing with Tom,7,-0.025386142857142857
PRE_1W,Jose Najarro Stocks,148,-0.003661006756756756
PRE_1W,Joseph Carlson,132,-0.00332725
PRE_1W,Kenan Grace,24,0.017375625000000002
PRE_1W,Learn to Invest - Investors Grow,18,0.011571277777777778
PRE_1W,"Mark Roussin, CPA",57,-0.005515912280701754
PRE_1W,Meet Kevin,29,-0.013390793103448274
PRE_1W,Minority Mindset,3,0.004788
PRE_1W,New Money,84,0.0037891785714285705
PRE_1W,"Parkev Tatevosian, CFA",16,-0.0380033125
PRE_1W,STOCK UP! with LARRY JONES,30,0.0246765
PRE_1W,Sasha Yanshin,140,-0.011784757142857143
PRE_1W,Stock Moe,5,0.0036466000000000007
PRE_1W,The Investor Channel,115,-0.0032632521739130436
PRE_1W,The Plain Bagel,30,-0.011800799999999998
PRE_1W,The Swedish Investor,7,-0.007655285714285714
PRE_1W,Ticker Symbol: YOU,196,0.0007268418367346938
PRE_1W,Tom Nash,51,0.011358529411764707
PRE_1W,"Value Investing with Sven Carlin, Ph.D.",20,0.014238999999999998
PRE_1W,ZipTrader,91,-0.11160371428571428
PRE_3M,Ale's World of Stocks,50,0.06711215999999999
PRE_3M,Best of Us Investors,20,0.00612205
PRE_3M,Bloomberg Television,9,-0.015221000000000004
PRE_3M,CNBC Television,9,0.023073
PRE_3M,Chicken Genius Singapore,63,0.3923832857142857
PRE_3M,Chris Sain,15,0.2502878
PRE_3M,Couch Investor,111,-0.05469608108108109
PRE_3M,Daniel Pronk,62,-0.045520129032258064
PRE_3M,Dividend Bull,1,-0.201856
PRE_3M,Dividendology,7,0.01109871428571429
PRE_3M,Dumb Money Live,18,0.21363916666666666
PRE_3M,Everything Money,86,-0.07179476744186047
PRE_3M,Financial Education,171,0.12457709356725147
PRE_3M,Graham Stephan,18,-0.022993833333333342
PRE_3M,HyperChange,225,-0.15666550666666665
PRE_3M,Investing with Tom,7,-0.07151057142857142
PRE_3M,Jose Najarro Stocks,148,-0.014314918918918916
PRE_3M,Joseph Carlson,132,0.05457713636363637
PRE_3M,Kenan Grace,24,0.05087387499999999
PRE_3M,Learn to Invest - Investors Grow,18,-0.06938888888888889
PRE_3M,"Mark Roussin, CPA",57,-0.015981157894736843
PRE_3M,Meet Kevin,29,-0.03231331034482759
PRE_3M,Minority Mindset,3,0.052903
PRE_3M,New Money,84,0.02088114285714286
PRE_3M,"Parkev Tatevosian, CFA",16,-0.1022713125
PRE_3M,STOCK UP! with LARRY JONES,30,0.0300561
PRE_3M,Sasha Yanshin,140,-0.01963899285714286
PRE_3M,Stock Moe,5,0.2071304
PRE_3M,The Investor Channel,115,0.052664556521739125
PRE_3M,The Plain Bagel,30,0.2813157
PRE_3M,The Swedish Investor,7,-0.11650757142857142
PRE_3M,Ticker Symbol: YOU,196,0.06666787755102041
PRE_3M,Tom Nash,51,0.2366365294117647
PRE_3M,"Value Investing with Sven Carlin, Ph.D.",20,0.026496750000000003
PRE_3M,ZipTrader,91,-0.051673802197802196
